{
  "meropenem": {
    "status": "ok",
    "n_train": 215,
    "n_calib_iso": 40,
    "n_calib_conf": 54,
    "n_test": 106,
    "prevalence_R_test": 0.5377358490566038,
    "balanced_accuracy": 0.8367346938775511,
    "recall_resistant": 1.0,
    "recall_susceptible": 0.673469387755102,
    "f1_resistant": 0.8769230769230769,
    "auroc": 0.9795918367346939,
    "pr_auc": 0.9661016949152542,
    "brier": 0.059241387774251,
    "reliability": {
      "prob_pred": [
        0.14285714285714285,
        0.4794311086098285,
        0.9929303064905781
      ],
      "prob_true": [
        0.0,
        0.0,
        0.95
      ]
    },
    "conformal": {
      "alpha": 0.1,
      "target_coverage": 0.9,
      "coverage_R": 1.0,
      "coverage_S": 0.9591836734693877,
      "avg_set_size": 1.0,
      "no_call_rate": 0.0,
      "accuracy_on_confident": 0.9811320754716981,
      "n": 106
    },
    "ablation": {
      "grouped_auroc": 0.9795918367346939,
      "random_auroc": 0.9813820264948083
    }
  },
  "ceftazidime": {
    "status": "ok",
    "n_train": 215,
    "n_calib_iso": 40,
    "n_calib_conf": 54,
    "n_test": 106,
    "prevalence_R_test": 0.7264150943396226,
    "balanced_accuracy": 0.8770712046574116,
    "recall_resistant": 0.961038961038961,
    "recall_susceptible": 0.7931034482758621,
    "f1_resistant": 0.9426751592356688,
    "auroc": 0.9093148231079267,
    "pr_auc": 0.9394253953185587,
    "brier": 0.07172238046070495,
    "reliability": {
      "prob_pred": [
        0.11111111111111115,
        0.9886211152928512
      ],
      "prob_true": [
        0.11538461538461539,
        0.925
      ]
    },
    "conformal": {
      "alpha": 0.1,
      "target_coverage": 0.9,
      "coverage_R": 0.948051948051948,
      "coverage_S": 1.0,
      "avg_set_size": 1.7264150943396226,
      "no_call_rate": 0.7264150943396226,
      "accuracy_on_confident": 0.8620689655172413,
      "n": 106
    },
    "ablation": {
      "grouped_auroc": 0.9093148231079267,
      "random_auroc": 0.9314823107926556
    }
  },
  "gentamicin": {
    "status": "ok",
    "n_train": 215,
    "n_calib_iso": 40,
    "n_calib_conf": 54,
    "n_test": 106,
    "prevalence_R_test": 0.5188679245283019,
    "balanced_accuracy": 0.9335115864527629,
    "recall_resistant": 0.9454545454545454,
    "recall_susceptible": 0.9215686274509803,
    "f1_resistant": 0.9369369369369369,
    "auroc": 0.952584670231729,
    "pr_auc": 0.947984340107046,
    "brier": 0.06705641356386832,
    "reliability": {
      "prob_pred": [
        0.0,
        0.341909116475262,
        0.7218156119452626,
        0.875,
        0.9837342379393638
      ],
      "prob_true": [
        0.044444444444444446,
        0.4444444444444444,
        0.9,
        0.9545454545454546,
        0.95
      ]
    },
    "conformal": {
      "alpha": 0.1,
      "target_coverage": 0.9,
      "coverage_R": 0.9454545454545454,
      "coverage_S": 0.8431372549019608,
      "avg_set_size": 0.9528301886792453,
      "no_call_rate": 0.04716981132075472,
      "accuracy_on_confident": 0.9405940594059405,
      "n": 106
    },
    "ablation": {
      "grouped_auroc": 0.952584670231729,
      "random_auroc": 0.8777497295347999
    }
  },
  "trimethoprim_sulfamethoxazole": {
    "status": "ok",
    "n_train": 215,
    "n_calib_iso": 40,
    "n_calib_conf": 54,
    "n_test": 106,
    "prevalence_R_test": 0.5566037735849056,
    "balanced_accuracy": 0.9150739271547061,
    "recall_resistant": 0.9152542372881356,
    "recall_susceptible": 0.9148936170212766,
    "f1_resistant": 0.9230769230769231,
    "auroc": 0.9716913090515688,
    "pr_auc": 0.9650863041586741,
    "brier": 0.061130386364637135,
    "reliability": {
      "prob_pred": [
        0.0,
        0.24871679110713896,
        0.6062300228204025,
        0.9978482929288974
      ],
      "prob_true": [
        0.0,
        0.23529411764705882,
        0.5,
        0.9811320754716981
      ]
    },
    "conformal": {
      "alpha": 0.1,
      "target_coverage": 0.9,
      "coverage_R": 1.0,
      "coverage_S": 0.9148936170212766,
      "avg_set_size": 1.4433962264150944,
      "no_call_rate": 0.44339622641509435,
      "accuracy_on_confident": 0.9322033898305084,
      "n": 106
    },
    "ablation": {
      "grouped_auroc": 0.9716913090515688,
      "random_auroc": 0.9604885057471264
    }
  },
  "ciprofloxacin": {
    "status": "ok",
    "n_train": 215,
    "n_calib_iso": 40,
    "n_calib_conf": 54,
    "n_test": 106,
    "prevalence_R_test": 0.7075471698113207,
    "balanced_accuracy": 0.4666666666666667,
    "recall_resistant": 0.9333333333333333,
    "recall_susceptible": 0.0,
    "f1_resistant": 0.7954545454545454,
    "auroc": 0.5621505376344087,
    "pr_auc": 0.7399785131305079,
    "brier": 0.243470671439101,
    "reliability": {
      "prob_pred": [
        0.34375,
        0.6440826965847332,
        0.7740557857062471
      ],
      "prob_true": [
        0.625,
        0.5,
        0.7380952380952381
      ]
    },
    "conformal": {
      "alpha": 0.1,
      "target_coverage": 0.9,
      "coverage_R": 1.0,
      "coverage_S": 1.0,
      "avg_set_size": 2.0,
      "no_call_rate": 1.0,
      "accuracy_on_confident": NaN,
      "n": 106
    },
    "ablation": {
      "grouped_auroc": 0.5621505376344087,
      "random_auroc": 0.8333333333333334
    }
  }
}